pool_id,resource
1826,71075421637180
5055,70311790233612
5491,70075236712134
4451,69952730077305
4483,69946743234419
4989,69931542037871
3094,69922006174264
4452,69919080771000
4453,69915115635537
4990,69900577397503
4450,69890222310889
4991,69790211782338
4489,69487160902298
360,68813227687626
468,68777837507400
1455,68537403938863
52,68488321136886
3196,68081635170371
6,67913066259678
3282,67811341700226
1797,67733643737856
3283,67705710870330
3281,67632635896420
1867,67628752103384
1695,67598000775432
3395,67585690501049
3396,67584776765161
3397,67584279454401
3398,67549000578800
3399,67419816364810
4940,67199247575570
4942,67158816770838
3280,67150905787793
1926,67083640945031
4941,67072582956438
1684,67030619033333
2759,66579139503294
401,66319811332712
3514,66242864831395
5057,66143563619993
3515,66124160618451
2024,66075646521801
158,66000024511175
5023,65060027891388
1245,65000962107973
3853,65000026557959
1246,65000004590510
3852,64997328536408
156,64959811816351
2022,64945318081137
2592,64938212965201
2025,64927275316676
1818,64923518608048
2030,64921460887961
2028,64919780879590
1816,64917068841805
1857,64915506470805
1817,64914553545322
1820,64913325162401
2029,64911207378644
1811,64910589606711
2602,64907096301001
1813,64905964770628
2615,64905598523257
2033,64900665562873
2598,64898663490377
2026,64898604080899
2021,64898257914750
2596,64895409565638
2603,64893366656134
2027,64888457195315
1812,64888299255660
1814,64885791189520
2023,64883024088561
2032,64877472042343
2034,64875292035059
2601,64874222543748
2599,64872404267867
1808,64871525702622
2591,64868664510516
1819,64860711776507
2031,64860057077790
2589,64858211655527
2590,64854819615540
2600,64854636288623
1827,64850799403713
1821,64849803708598
2595,64831256564379
2597,64817948523696
5215,64395364495201
1765,64328594406327
1766,64328594406327
1767,64328594406327
3356,64311078273795
334,64305764993697
3626,64267672833100
5039,64147789681300
5019,64104043830924
5030,64095885077146
5040,64087572920468
5018,64037001657820
5025,64036465420792
5027,64034713591230
5024,64034713591230
5028,64033555673967
5014,64033545704854
5031,64032961761668
5035,64032377818480
5053,64031793875294
5021,64031333330293
5020,64031209932107
5033,64030625988920
5032,64030625988919
5026,64030042045732
5034,64028874159358
5029,64028290216172
5022,64028290216171
5036,64028290216171
5037,64027993776868
1649,64000000799719
5054,63852854813818
2006,63833644598215
1641,63783651604151
5038,63480759305316
133,63452042249439
1296,63347240709608
1740,63289760455414
5056,63276460769946
1651,63100159569180
2338,62896321854183
1652,62826992887476
821,62645656297040
356,62304642479539
741,62290479406171
1529,62265842115817
381,62201915993058
522,62028818867054
57,61842290748471
1874,61545120322737
1925,61514681705507
3085,61364782234439
4537,61171429361967
1815,61102893915130
2362,60946635933865
312,60676878552554
1361,60540459252634
19,60396283034064
2481,60320919599675
202,60188819368094
5271,60000022498553
301,59867716009644
5431,59837119300354
3625,59825432458740
1629,59713225333631
776,59711350213725
981,59542419195135
372,59395689711096
2444,59247598781640
975,59242875223779
350,58990414122219
1627,58626300471718
2060,58307547607615
115,58258418400122
207,58201569184310
954,58067854220136
913,57966231189175
173,57850209576753
1628,57810655136166
5186,57750374549705
186,57717829367860
1501,57179017650498
2158,56511273938593
226,56248334482830
211,55860217825422
1842,55579477127271
999,55579340886850
2757,55483756484865
2758,55421197619347
2756,55409176101739
531,55146727562196
396,55006371336071
721,54965552283150
2617,54367966632948
1632,54307254882281
3553,54276221964654
568,53295463057497
2755,53177825851605
727,53078355580072
216,52946147373931
3465,52856510378616
1732,52810919193751
4850,52503622015146
5501,51855882224662
37,51391917151324
2174,51359685354057
187,51156319168704
698,51113610050820
1664,50329169244772
5272,50296088077271
1661,50086790962785
1663,50082499589716
1660,50078638627127
1662,50070824000514
1392,49993649151085
4007,49979880630654
2168,49852086219690
710,49308921124282
276,49126176397317
142,49076299455060
808,48950387975036
744,48809517599426
50,48766594024613
303,48719333687423
3155,48563642185885
92,48503182941350
71,48431730061280
1161,48389879105035
483,48235442607747
274,48129434836339
2351,48107866882496
3279,47863495653337
4000,47550458862129
700,47206838694716
5189,47192135765404
1513,46936061030557
4283,46888771535099
5184,46856563193461
5188,46762037029873
332,46679847007492
974,46648972157191
5069,46630240098134
254,46279817772827
97,46069465376739
74,45948988010614
54,45877184210497
806,45819025188944
122,45791237873138
101,45669909736174
302,45406317945510
2455,45384306763816
182,45319616922582
1974,45212867417740
1630,44980295517507
1865,44894442904305
2783,44818263639921
701,44422904213026
3644,44370904260725
1,44106543545744
2580,43936189123677
2476,43847755627981
5185,43642981938973
1631,43630356226558
65,43618277216598
1541,43296746307738
801,43131712260963
4662,43093037177047
890,42674643027941
1747,42649370881808
1700,42010419683702
914,41861706825534
2477,41565637905031
161,41344971843503
3201,41216171149645
1688,41198501631948
1540,41088677997416
102,40945936277373
4661,40773366486907
1571,40491406717763
89,40451331195046
4862,39611655450712
740,39499959601435
1550,39438965654585
432,39050462649059
249,38705284322384
1208,38473054979534
116,38225912989673
608,37919467028792
1487,37785840518124
179,37694907533868
212,37467666792362
431,37341862652622
1603,37200874095119
91,36894402777973
766,36641441428215
167,36508279725323
2266,36367168329349
3106,36334070672866
83,36292250779979
112,36265625295970
270,36210671809839
1486,36087160553419
1495,36035117667635
44,36030541140092
159,35563520918475
3507,35437010070827
4644,35341291275816
81,35265006160367
1942,35241702016270
2472,35195994298785
2629,35096816829696
1717,35013727024006
3587,34868706300344
4819,34857170350258
2020,34730750606239
1414,34681798826237
11,34681345689619
959,34630567487103
1903,34463873357451
67,34446446617977
174,34301987753306
22,34155374472683
215,34062117857413
509,33898083191459
3676,33876280171523
1726,33749537446345
205,33530075127115
231,33296175494626
4627,32856636005865
2391,32808565528981
1886,32686749169080
1881,32657698257304
73,32517141340767
3623,32370763001123
3257,32236637998471
2101,32105090160017
2111,32103991810672
2099,32102682024030
2109,32101645474552
2105,32101131368459
2106,32099057804692
4712,32096400400195
2102,32095092042133
2113,32093943172099
2114,32089703916448
2115,32088025813642
1968,32080429290115
2100,32075682342922
3169,31957326803033
802,31829418951968
176,31793852460658
1470,31677238927683
1604,31507281823951
1600,31404159578903
2702,31347457463681
814,31309089981105
2659,31129963836005
1982,31078712354846
248,30791606840893
15,30789313178073
1708,30680643436273
5005,30610060983114
1510,30280255633799
1601,30075610352590
51,29674602674554
199,29563589037872
188,29512830098493
1382,29170040518976
1252,29137516822787
5700,28868766654008
93,28778345273538
1666,28722231334785
1623,28683305357764
1519,28658553489966
1085,28564328739343
445,28439259336689
561,28418258635501
4343,28389036216061
1624,28087360798932
5142,28015836606962
467,27994167729201
4647,27992399778561
234,27924660553210
2743,27848433087632
1530,27667633514980
1691,27507067434974
5140,27036516321359
5141,27011289484154
2864,26712786875454
1220,26665100565070
316,26480430587002
4820,26462881468059
109,26393720971973
1484,26365971576607
1829,26339443058000
983,26329312847089
4285,26316540371145
1543,26298749996477
2313,26107134456839
1044,26068266905849
271,25984694026749
4260,25906653464983
4673,25902079707656
2502,25847348735553
2130,25345060574416
4158,25333727847734
4974,25229355463837
4251,25171190664539
75,25004945656790
4928,24918863514011
7,24890160250671
932,24739222790942
4571,24511661470588
765,24510389805302
98,24506238947642
2750,24205545795711
1709,24173277016916
1256,24148860067186
2148,24063099606778
815,24046723173902
1347,23972793937592
4312,23886548362752
9,23800495250504
148,23549103276649
106,23528343773443
94,23500497308844
1387,23426614782903
499,23069209045298
2343,22887655785646
528,22751550943701
4959,22582373443333
3693,22557715986761
4122,22548059174632
3524,22511688904180
465,22497464847206
1613,22451797640494
3759,22404321326303
123,22341439501629
1454,22288437225407
150,22216939887423
2116,22075594487469
958,21726700286423
1417,21717902064344
4731,21639557201832
771,21448623765615
1637,21273924790105
2839,21262232686988
3242,21251839640107
25,21207864480787
100,21029058103134
99,21014742394276
1693,20931518712273
399,20872618867104
230,20859124399723
493,20711981860936
3424,20699072221271
2131,20509286862908
209,20484353368448
1176,20458975132860
2468,20376002181040
363,20367576397788
1241,20320824938922
2247,20230233828803
1870,20010466433647
2155,19699094681304
1186,19657264443152
2639,19626492072256
46,19549174199322
2218,19522461100322
329,19496386786936
1689,19447998523934
4728,19388839257824
1212,19313240724350
2310,19291470659175
110,19255561150492
986,19031147386450
82,18971402970570
2086,18915771225019
596,18909996734655
1523,18790359575116
1987,18320131412389
4365,18299157314876
5187,18169374624015
2375,18071478002317
810,17816879842737
2201,17751296763934
365,17748720115756
1520,17588760063188
2087,17568072541946
4206,17184280666315
39,17113205007362
16,17018257258624
4920,16980750039779
40,16940691830901
275,16939322531482
311,16769641871041
260,16579635600479
95,16576003278104
289,16568152121780
622,16523364092237
2804,16491693137244
1544,16419828511840
1425,16375863078960
1552,16245186521382
2374,16191786381707
1141,16151870977825
131,16122347523031
168,16086460954834
1466,16014765427577
3594,15998378057744
144,15975514531791
2071,15953270165143
17,15928388242345
2821,15920331920214
811,15884450181185
1472,15821140361425
2995,15814302302942
1561,15784548222539
108,15753371628219
1999,15570442702853
3075,15556855784170
697,15555102301319
2124,15474045696290
2919,15437696040708
629,15345451243624
86,15324524524978
714,15271081310676
1358,15213426070331
849,15094114856399
118,15093076576476
1494,15041089132853
1458,15012101010148
2182,14949395133341
105,14938225263934
4540,14933446193604
5169,14867147629163
2549,14826958411255
1041,14771042986607
3108,14734910591620
4069,14734567260591
3310,14700428300546
3892,14647930013645
4557,14632781862747
782,14588030792564
495,14554932651127
2841,14527758470108
3284,14508728732414
145,14476816392886
3404,14470590614624
5008,14437689369182
4076,14432674982500
261,14364776774773
1646,14331163527637
1536,14023809609742
4765,14006485245758
3971,13968917396106
124,13906648428461
1822,13905421813005
3974,13811964043194
227,13495070630796
1847,13379213018938
1196,13350572101908
1075,13301459559513
5752,13224564523871
393,13079715088329
1553,13076413555989
5221,13027686919805
1343,13021204555336
4323,12945772728396
3324,12881953675753
1657,12785393684463
1522,12663414071083
2278,12604756929280
256,12504633086625
138,12498615031787
3827,12459176656389
4998,12440544105589
2048,12319076205056
4790,12301748224696
10,12186637185891
2763,12094233600236
30,12005431040737
4628,11975197508379
4806,11884071054080
1546,11768521605632
4608,11687237983561
357,11624340689461
804,11499660014845
2241,11417218134001
1021,11389598985715
3333,11362187587185
2754,11361801841352
1745,11350811616385
4921,11217744088774
3872,11032867374619
1588,11008532352945
819,10972487792059
4262,10828747594972
3163,10636901975678
4632,10613901589600
139,10425419363596
778,10195611990814
132,10192396242535
126,10105479751233
2210,10093378739227
2877,10070928408777
3913,10049502455144
4094,9979794154115
2677,9906926139437
711,9620634481105
4657,9612667651531
418,9523011462272
2138,9264154900928
576,9123866839559
897,8977431929846
3992,8926310557947
4927,8835913414756
1363,8791195483568
355,8669082979721
170,8565217908288
253,8559208413267
2744,8460533886129
1214,8434868083081
3179,8428086023419
196,8405004013591
1750,8395265872506
220,8365461153087
4306,8364871564025
4400,8363330166125
2047,8361666095490
1876,8274073807850
1658,8256037892524
584,8203170483702
130,8190737580513
4522,8180128138427
206,8174108394499
339,8152192637169
242,8151826146039
4244,8145443043494
333,8094408056910
3294,8028538959171
1650,7934667420162
2988,7906126146102
2088,7898048042801
1471,7784082130046
3240,7779156088820
96,7699332285389
3121,7674275910512
3426,7655411822859
258,7640012644291
530,7612693095553
2044,7604776337965
60,7396149887091
876,7312859376638
1714,7302962068005
5223,7219414816850
1512,7140317180505
197,7091484309148
229,7088686461787
3317,7045668188312
3339,6999589220642
2635,6995085910471
3102,6959546563499
1525,6934570595438
5155,6931551816596
5174,6925819915342
719,6888159575519
1617,6883093230844
3973,6876308792760
1077,6854546946205
411,6844066843502
4057,6771975858070
455,6763376880413
832,6671926995820
1275,6670649761132
2746,6645101458773
374,6630442546798
1492,6583631900064
346,6547063671810
27,6457924564922
517,6398883840935
1692,6358708134281
4804,6300431184256
5094,6268832538594
4829,6268040909061
1227,6131614319885
2775,6073240729994
5095,6066654539362
730,6013453560138
4779,5970984753985
451,5964237913478
204,5931546302629
284,5906550292530
326,5883059370343
5448,5879863579767
237,5864361257982
310,5858723389657
1945,5745563949224
2,5667265401881
1861,5656446557642
3340,5605056485565
1404,5534369253853
3803,5462862189850
299,5434689857487
300,5429644581293
1469,5391634289272
3668,5391248831373
3835,5327461298416
4828,5318851257405
556,5302928421746
3876,5271764093406
259,5212821862823
1527,5115150411658
4261,5110144822135
49,5037512025844
5232,4976714965878
2009,4966422830376
2838,4939625719665
298,4926919091151
1015,4907470711597
3542,4831274002677
2562,4787086972569
1131,4705600528140
2634,4697450755942
3268,4692113240644
2466,4692061997835
699,4667707163960
571,4666370463441
1517,4630821407995
3791,4613144135923
816,4603105852918
1548,4599391722567
4372,4590288785548
2978,4589610453574
4909,4569964970752
1338,4569257499694
4949,4564440383228
996,4546551293860
3449,4512579993329
1121,4495506194778
466,4453358113835
295,4437110137864
178,4435224997882
1080,4408168198242
2328,4375420549012
388,4330856190083
1920,4266555769235
2107,4261804765811
1395,4236519843293
3686,4225288714729
2929,4207581347000
1269,4196058006191
198,4170045063681
4758,4162238750756
718,4134328416209
1619,4133208540629
3218,4130652911509
4054,4113082381300
1118,4108509137145
3462,4101383679070
1633,4080449541851
3468,4032743116823
1677,4007849372040
4111,3986320302155
5680,3963185552626
2563,3959141324695
2844,3956399159666
1743,3944454913681
1805,3904518775591
800,3891734461693
4827,3815348572390
84,3804432562444
1524,3775666543245
3491,3749283096559
103,3747138088606
3787,3736849994811
577,3735563044782
2176,3729714996022
1011,3726826587066
4424,3719644394469
1518,3701939498359
1739,3668607037960
14,3644587275175
4259,3628938636248
2081,3617601058978
236,3600809773230
4978,3594560427792
3617,3592571667645
3869,3544472947404
1467,3516543250838
3119,3485992466772
1129,3460732627123
4373,3432732260993
2623,3430408132806
2152,3414684323776
315,3414587603550
2560,3411214702057
3948,3411026845417
3665,3410973252884
5102,3405529795781
4446,3366981133242
4098,3362931142817
1866,3351320577560
1801,3320756635586
2311,3310929126368
1659,3272328598143
5177,3254533628287
2279,3227073596635
3902,3193758589589
1364,3153584431304
4930,3148444736123
368,3143396910746
4417,3117546007458
883,3110532990544
4771,3101919955372
4534,3082873270223
1521,3074542605261
4748,3069421034090
5051,3052402372380
2404,3050653038053
3735,3048640767454
4980,3038890517905
4802,3033013693243
1105,3031910704470
1929,3017469339979
2987,3017002522620
4979,3011563196543
4972,3010665696670
672,3008295149753
1398,2989858079626
1526,2984551434531
5009,2977138949570
2835,2977127633952
341,2973192829514
1901,2972789323462
1609,2971622621697
1365,2966473804376
321,2963067510263
1626,2948225596382
4211,2928622531637
247,2914778285093
1528,2911635197463
2638,2895094414363
694,2894210225349
31,2888658708556
3431,2857838893830
3843,2841380477269
4121,2828940078556
2409,2794435652114
3021,2789923482062
1728,2787570338116
2840,2784112083439
1807,2761773416143
5046,2760882226400
500,2760333576184
4093,2742495870482
2108,2733120178457
1978,2729536985761
858,2728424252754
524,2669088145954
1975,2651023912978
853,2646174472944
3405,2635849649251
3410,2624327177759
4724,2613154648438
3403,2590867749934
1190,2560675051564
1599,2555767540330
5713,2549735196297
5407,2549375956899
2119,2548914096895
246,2523356202470
3607,2522842331644
154,2520325527602
1570,2517450189499
4321,2514698595227
4988,2480581725698
2928,2475448229282
2982,2448421318379
2927,2443543197656
681,2442653913089
3249,2432856162065
3436,2413131192227
2953,2412304907853
1217,2410823662691
1184,2385625350491
2287,2384682669024
1352,2383915921792
2326,2383378476637
3181,2380695836551
1485,2379992927917
1859,2375430044275
2179,2369741069649
3270,2364338107569
1967,2350735866090
157,2333426791697
129,2319577024628
4182,2298183867678
722,2296003660091
820,2293820191690
169,2293550633469
2535,2275788380439
285,2246496507221
967,2245750159022
1703,2237425699036
279,2215875081014
1948,2214938778484
4291,2212052406917
3752,2208600879200
5124,2207752917063
4938,2204425864459
317,2196267068408
1873,2189216439685
257,2172439598141
4173,2166473224488
2913,2157673313236
5244,2154256061079
2606,2129425084007
5172,2119324805153
3312,2115441266444
1066,2113996832109
526,2108281522386
3225,2105824630097
666,2096394758196
787,2086235815023
2341,2084402973568
3020,2079778737575
5683,2061742467053
4686,2042599948365
4923,2032089703629
1029,2027591686646
208,2026892779441
1607,2001332267528
4387,1995253350810
5058,1990760634995
4,1989137022279
1752,1971471506912
5149,1953967201064
3180,1952868486537
347,1943866251056
239,1938563441665
647,1929215510346
2407,1920546933448
4001,1912634976069
2151,1911029162209
2851,1841990932748
5001,1839944115619
2360,1836697409871
4335,1835454259158
2782,1818401488852
2583,1817182801814
184,1812925107433
4413,1790629932072
1597,1790442355264
4711,1758718737524
1020,1749251707888
3704,1717054952581
3044,1713147098027
322,1712627295627
415,1707931736790
4322,1707393762255
670,1702453794930
1605,1702334532249
327,1696459406556
2213,1693155180968
1694,1688469098469
781,1687019141642
3477,1683028834059
3630,1673811600374
4117,1664741726091
2406,1642714895032
3896,1628198524265
2670,1617301882897
4305,1607563501316
5070,1602503144309
1262,1593939309219
2242,1588457739160
936,1587951600761
3742,1584163779865
290,1581288371791
3865,1575153803357
736,1562067921016
5063,1559908342973
3040,1558985100477
4300,1556676263343
1549,1554274145692
3193,1543711531289
652,1536126371037
598,1534567762641
2294,1532549351697
3152,1530088631513
306,1529656355853
1224,1527087177505
953,1524484933510
4841,1523861528813
4184,1508314517079
3811,1477177293167
848,1471966755097
2570,1466014380037
5241,1462576125740
734,1451289071425
3628,1448607084563
1900,1447042210469
871,1445373704842
601,1442557663339
506,1439470902085
1014,1436823060739
1380,1429134226865
121,1428634127088
2954,1422629784030
4086,1419155545394
2667,1415931880512
603,1408004410403
756,1407695989233
713,1401822821881
21,1399874564880
398,1384357133601
3619,1377470633848
487,1374125072507
2332,1369072201669
715,1359158182890
2752,1353075953475
5294,1351637874811
1468,1331962660514
286,1327803215754
803,1316668070058
4840,1315667303990
33,1310145656789
865,1305046454872
117,1303013356718
3164,1296950551972
587,1290644333013
4713,1282416091057
4761,1276455894066
3156,1273751871610
885,1273661843851
4137,1266850645543
2470,1264109396020
47,1256226275796
464,1253467231976
706,1249199807322
460,1246648715909
433,1216110414081
590,1215929707543
909,1214550236130
1300,1197573279622
1327,1196095670453
189,1191547686211
2832,1190460118305
4217,1174876872487
3484,1172536404644
77,1168062280717
5043,1165028003559
3358,1163426088569
12,1161540023014
4347,1160813074488
410,1148339914514
3427,1147394971692
4426,1146242301286
4174,1145854783327
4739,1136739906159
3717,1130915190346
3792,1129115898710
364,1128582038360
4762,1127891229507
1222,1126583462594
1391,1124451550859
4985,1120428977691
2681,1120405352622
4386,1118931243922
5225,1115884932030
1068,1115824460596
5096,1115396402700
3819,1104410267868
4218,1104150333510
328,1092740618274
3148,1088705180248
319,1081890501795
4032,1078274702228
3541,1076146872556
643,1072499394474
3997,1067275298795
3429,1064648633781
976,1056094608125
2390,1055255120504
4526,1052675881712
5082,1050710590883
147,1049204896143
1592,1043119838863
4333,1034752512038
3698,1032849115539
4107,1032092619208
4709,1031258506624
475,1030141010313
23,1029971253198
1618,1021605060233
268,1020833685200
4905,1015773533702
1704,974200046204
3921,962982568560
707,961885599736
4932,951644272292
2275,949663958826
2000,944556769612
1394,933159100383
945,927765152324
1674,921733612624
376,920677142285
1690,917969606733
5576,917616855406
3824,912396334735
5175,906518750790
4987,905596767456
111,904629266620
4809,901437956232
76,901080965328
1106,894945307222
2791,884931820609
4344,883192100835
4737,879897995013
1715,877005555758
104,876542698904
497,870348384295
4492,861372534592
582,861162559895
3172,855801132434
874,855527668522
4542,855392398362
2484,852427482534
5159,849814328649
3776,848521781540
663,832623699778
4263,830393264490
1880,823278849769
4842,822794105914
2532,817399018603
4243,816241354306
1065,815982633167
1372,814644555941
141,813861657854
4851,812638404335
751,811135962245
2276,808656817606
5333,806848198728
1736,802849417494
29,802812922744
2416,797176552345
4257,795004523672
3474,794828228169
5190,791998983095
3390,789742108127
4754,782935661777
833,777013129347
633,770182221396
2608,767359646961
1562,757104674471
677,755954602261
2465,753883292558
171,753798245193
1947,749299268875
1114,745818119686
3632,745575918158
2127,736516510742
4040,735800139672
3237,731287117670
763,721971449168
4798,718235512506
2380,715834854040
1286,711994291823
1355,708321177359
313,708190061376
3099,707170353026
704,704273735774
2897,702401398805
379,698561326327
3331,685801963049
3959,682394417921
2989,682253333397
1000,681297339076
4430,675307029503
5209,673684815249
5161,673094653009
4939,668603237871
4814,668267622020
2327,654242875966
1917,651611214390
822,646356025863
1734,645290550692
447,637550213962
24,635683490822
107,629231119928
679,623940748200
3956,620936886576
2149,617995206639
2095,611890732831
712,601300824634
4389,600826900506
4296,597314923377
1237,589009470306
3629,584849555444
4759,580817084079
119,580405234589
5360,579824527108
1292,572169443288
2090,569319351413
2175,567650445430
1535,562481110700
1850,560913251003
149,560848321587
4953,558683028424
1139,556928917834
4823,554026865627
4818,553359416562
3708,547299491029
2220,546492917045
3,542057708442
4742,541978396695
4967,541826296341
1722,541496782534
2173,537824189481
511,535704894705
2492,528224769379
1733,527213642232
2536,523887727660
4210,523149261636
754,521172411345
743,518639669286
3293,517202572095
4637,516914333135
3805,515521405554
3521,510839270114
2223,508624280974
5158,508128072459
5196,504229286828
1276,503799276253
502,503287248228
4908,502616621512
2304,496457107153
1051,496387946983
3732,491463572600
927,487480024042
616,484846527626
5226,483173775479
3353,480213890352
4382,475327249103
4071,473845253923
2650,472089440320
1266,470361977674
2983,467096813188
2003,463144665013
4545,461152812678
3509,457907436581
3297,457815072189
3143,457437232373
4803,453458413783
2422,449014055407
2303,444834739246
3273,431918144232
4009,431790774405
3437,419565281213
2579,413436405205
3453,413284168714
3616,412636403707
4018,409556539647
2784,399067012219
696,395937340761
852,392055903352
937,391086198921
2272,389892683398
3369,389055500757
1864,386897093799
405,385682484496
4916,383544131860
413,381917938536
3140,375611593710
1913,372879402048
1965,364869473528
307,361682959655
1915,360867926647
386,356279425651
2405,355285805849
2354,354876417069
79,354282011302
2234,353810282984
2324,353564109447
4015,352698593390
908,350653546028
2834,350588778345
3946,350532207332
2231,345318069092
34,340990857018
628,340467843693
5003,338726466027
4791,335899717913
2157,333414923104
5540,333258012041
435,331217513855
639,329232958436
692,328555219321
2682,328414484816
5154,327551863089
686,325419075343
3136,324182047553
1223,320045703707
3991,319455492913
4861,318896370082
732,315542058048
2159,309179639476
3476,306841600327
1971,305987908222
4287,305798083273
4222,305767091088
308,305599540513
1399,301365614853
3682,300605382205
2772,300042950892
1932,297718808674
85,297659753141
3276,297569056623
2212,295995505802
1138,295287592367
5164,292879972796
3203,290837309100
265,289873962786
4969,287927926356
3255,287807595064
5134,286406250247
383,286104152117
43,285458196370
3919,284671942514
504,284519902428
1498,284080344067
2051,283252277639
3361,282934456839
899,281344746086
2660,279106324403
3376,278338463818
2336,278132262246
181,274183221406
4466,271921863833
1737,271074292346
1210,267270371554
4130,266860169685
5150,266614936057
2973,266413165624
2945,265099630892
1333,265099190950
361,264344058414
172,263990084851
3570,263112740692
739,263075784032
605,262899713669
2788,262880012956
324,262182253857
3564,260970032610
4527,260037445012
4677,258614107144
1422,257959623061
4714,252827711897
3565,251309157724
3077,250629094352
1885,249619044726
4813,248620017986
2912,248533887947
2875,241853380536
4701,241185841695
2822,241115645927
3086,240859729919
654,237367839239
980,235039788239
3269,234038173275
3186,232558874237
2520,231264901993
2500,230808296788
4429,230779792730
4945,230092495801
4675,229854147978
4832,227319896721
5760,226066157844
3856,225161243998
292,224380099549
3866,222141616589
4008,218567592950
1937,217915080439
5581,216945335961
1620,216675767577
5192,216561634588
1168,213348180706
3589,212548757989
4795,212257944567
887,210855394670
3938,210739053766
5762,209561114410
3547,209327945354
968,209316703977
3251,208904279020
3778,208723471872
4336,208647936071
2642,208379962186
4235,207912159151
4837,207259386834
4020,207210881485
3627,206513696589
485,205973541488
4732,203651538282
4705,203550477942
859,201687405744
3901,201159411679
3095,201099955653
5090,200753337405
4560,199596339208
2463,197624899579
4304,196110712676
3795,195015547813
4002,194291994338
4229,194005696853
1939,193994828469
2384,193221809425
4075,192260755290
4904,190038155477
1888,187160214982
45,186396700354
3480,185304839424
1087,184534184247
3741,184484616103
4248,181581846836
3327,181055806443
1435,180631563504
3357,179023921070
2252,178699813385
1924,178311071224
348,177061318071
1113,175646442291
2965,174387018756
5289,173866166958
3500,172424109098
2880,171917869925
2381,170009669779
5127,169910816217
705,169357497930
2433,168949234343
3253,168621013718
4443,167978783438
5412,166855959274
136,164530651998
453,164010103270
3719,162745738953
835,162625863106
3568,162182373416
1611,162046013842
26,161546316654
3525,161541441888
4268,159813319959
4636,158197624537
2773,158130848642
3490,157211288553
5266,155706454580
1198,155309101011
1323,155257601988
2665,155180345789
2689,154957972220
3305,154813526108
745,153790379552
3520,152602513302
1642,152431845805
2262,150990903879
180,150965900551
469,150940106654
4151,149187276733
5092,147671943444
3603,147072546787
2429,146829892331
2637,145709936572
1443,145469348917
2785,145122795461
3446,144727888233
449,144462376085
1444,144257381021
1362,142967280732
3264,142252693515
3925,142200584514
4892,141236349836
3018,141075985250
3343,140959325218
1442,140791021550
1598,140672438301
2323,139927887502
2035,139830556887
3118,139433186984
481,138220672667
4536,138149076268
855,136208027968
1437,135569726399
2494,135308752330
2866,135110706150
984,134735426164
4535,134559375692
2073,134408534534
746,132648293169
3810,132003633137
3781,131936128266
1445,130377442594
3586,130194565568
4948,129016177174
1441,128156626502
201,127244136823
2671,126580056579
2397,126154682729
1473,125524159274
3111,124859372504
2740,124497618310
1440,124122312269
4997,122610019613
1497,122160746728
3467,120938328964
2739,120884146842
5677,119205178852
1669,118255348336
5107,118228026916
4391,117744463094
2837,117077673233
2253,116924612320
2736,116377223713
1936,115941194318
2778,115837473601
4970,115626543718
2392,115587472015
4095,115192277131
1504,114382397775
2932,114336896312
709,113705385806
5136,113212834705
2473,113141236063
439,112179572260
2221,112049191664
4470,111669543767
3567,111484229196
1359,111474175685
3936,110898130081
4288,110593322023
1102,110497619322
2499,109407819397
3900,109140290693
4185,108651617650
3261,106209606961
4233,105706831749
4743,104496156588
4726,104076497810
4821,103967708926
604,103927564942
3757,103353655111
1602,102979076841
1213,102336378081
448,101755827403
1755,101459228008
4652,101255837599
3022,101138260748
4660,100961465748
5783,100375296255
2889,100063029620
5105,100039876006
4773,99627906165
1022,99135581809
659,98968045807
2144,98700700471
3771,98309497177
5068,98092478787
2981,97873838031
2856,97433461911
1191,96964506290
2720,96235157912
2194,95630532953
4666,95337175044
2845,94238245815
1804,94222257648
5397,94104029725
5629,94023649530
4367,94011436925
4780,93758839148
5180,92649909386
1346,92220599068
3207,91805643534
5060,91765293417
2916,91624271583
1872,91220749955
1721,90853507883
2998,90608072257
1699,90325428990
3731,89537860533
2543,88764808642
3511,88599878810
1053,88463439077
5076,87930378246
1729,87706770229
240,87103146368
2820,86630995549
5144,86594251669
4416,85842412405
3178,85285524137
4776,85258273835
1724,84914733023
3274,84799551702
4423,83179144565
5162,82749014306
1697,82504754469
2899,82458367064
5010,82361790007
3422,82341743951
3523,82180546067
4691,81368770384
2946,81151967917
5726,80008196861
5222,79573129477
1226,79031481932
5665,78777887172
5088,77904793915
3109,76804218454
3801,76745112003
5749,76477853116
1587,76142430534
1800,76094887136
2950,76023470893
655,75980918130
4128,75614600098
2883,75407974705
3984,75334914675
2434,75302134550
2569,75047611441
2766,74972511131
4385,74816418938
1031,74772566300
2365,74597368355
4750,73868985123
2640,73832011364
5182,72948736794
2080,72724668586
2372,72548544683
2259,72256007486
4602,71066487167
2421,70888523369
2975,70479119233
4679,70246801830
5089,70131340547
3457,69999172619
5170,69551647724
1989,68815028016
2911,68483042707
217,68362101150
2059,68159649844
4849,67580602881
3847,67271141331
2949,67196358171
2309,66724360890
687,66634067443
2094,66551138222
2538,65990728531
4498,65772186449
1215,65455221386
793,65273997756
4442,65077048723
3703,64643684212
501,64401858412
2387,63599845124
636,63310014559
4676,63139814059
4021,62889331874
4503,62840430104
4082,61593367436
4028,60516005788
2792,60101936288
2862,59590453078
4900,59537679497
4006,59421409486
2552,59224482271
4065,59121325187
4576,58650962570
3364,58425059042
2448,58095450178
2787,57810086765
4494,57805796436
5362,57644227936
4381,57196180344
4059,57159760894
114,56595567454
2876,56559075170
5148,56330048993
4845,56200921743
232,56019253058
1973,55750357488
5856,55490908229
2664,54866751534
4600,54792561266
4966,54147346132
2699,54090760459
3139,54053688606
3141,54043361798
1240,53791512396
4983,53768856426
406,53591853138
3939,53318856321
2896,53151904251
4256,52746101166
4022,52220435773
5173,52148442688
3188,51863980642
928,51498021487
3068,51454573370
2587,51328525067
1390,51104055017
5138,50997538986
4619,50851556086
2550,50779346202
4202,50678980281
4369,50518832240
5066,50428165761
305,50417159216
5630,50366128599
5753,50248914033
4981,49845711968
3895,49554323804
5126,48584911641
5153,47736177154
2843,47446277444
2725,46654417491
175,46323283290
3411,46109093972
668,46096646397
3157,45940803253
1701,45923638100
3528,45853942973
4860,45686819879
4411,45675918851
4189,45454853235
891,45324818884
1436,45057803916
5207,44959279972
4902,44719747147
4432,44348190195
3221,44296546668
1997,44275252640
4640,43701067800
3726,42329434478
3448,42152682078
4201,42035484438
3161,41448005457
4239,41011852068
4663,40964920880
5349,40567019952
2533,40459562385
3089,40442623975
2298,40124052847
4751,40121437288
4362,39965626120
5111,39629368620
3996,38935061944
4445,38913686871
5106,38636202404
2544,38611801983
3227,38200582917
3655,38118823932
3266,38041461342
4223,38018144791
2818,37932825619
1503,37755849359
3957,37380215769
3158,37312378969
4946,37172350432
5806,37130190002
3977,36801572659
828,36588476729
438,36433673553
437,36279149215
2666,36267003105
1909,36164610929
3670,35704195853
3999,35663550916
442,35602795730
436,35249722947
5044,34938793882
2498,34869557275
443,34845348201
2440,34422681951
4792,34221721129
3989,34201414220
5083,34197861965
4727,34060258262
4764,34021577235
979,33943577689
2268,33936605050
3066,33757587656
5093,33621064815
241,33465874833
441,33189979021
3258,33115851646
4768,32442452217
3672,32376848729
3187,32026587144
4688,31932645061
4231,31904602503
4735,31887463300
720,31819079312
3894,31766135772
5132,31765170250
5097,31430839300
2986,31078354887
3944,31002715567
3858,30690087620
4402,30682798462
957,30648988302
5146,30610578166
4977,30591224068
4179,30507086975
3943,30484237923
3027,30471557042
611,30307301757
4913,30065453958
4403,29490798191
3976,28889709826
2861,28679053639
3016,28642420984
1979,28624669023
4801,28264884943
3951,28089458954
4689,27896781553
3955,27883075358
2317,27852456361
4088,27747212416
2737,27501804196
2900,27229196101
4943,26882454425
2077,26737847982
2438,26625189141
2308,26391530311
218,26238011639
4824,26172047637
2690,26063256526
2139,25839290754
1496,25816704315
2442,25539160274
2922,25504573032
3013,25386022185
4561,25260930066
4337,25190006944
4725,25009836819
4460,25000000000
4568,24979235907
1696,24887181829
3544,24621606702
2514,24613385334
3983,24517443393
3423,24500188583
5730,24429624810
4760,24257118463
1983,24247807398
4896,24228614713
1621,24165949749
3220,24020305236
3818,24013023561
4955,23979279239
4237,23760306102
338,23741244991
4310,23564607617
5183,23550246673
4281,23407797211
266,23289109701
5109,23288038836
4645,23158750682
4228,23157633518
5157,23058169454
4950,22982420676
3887,22928105957
4772,22537274774
4058,22274596009
2573,22270046431
4582,22237267233
4154,22136357157
4255,22123940768
3527,22012480556
2281,21986959848
4486,21937925585
314,21745804678
1993,21636524007
1260,21504813484
4159,21470078741
3583,21424256827
5655,21414291181
4958,21286683733
3822,21174270929
2692,21052168373
4056,20982410573
5011,20894010551
3794,20825937233
2425,20684441149
3646,20680489822
4513,20555720239
2145,20545331135
3981,20469129116
5725,20408887083
5229,20354088466
3899,20260426499
3246,20133350101
2645,20021821569
2674,20021625268
5163,19993215761
4825,19967695678
4838,19775674223
5208,19760184603
3834,19742451825
4655,19660648918
3300,19586393300
3786,19574705496
4671,19450216293
3598,19430925924
3052,19362012273
4506,19353377132
192,19302710902
3643,19183164657
4922,18930918667
5533,18710707901
5104,18577048063
4738,18538463732
4297,18282446158
2521,18261384697
5734,17991966256
2382,17853779131
2453,17735415507
3504,17610500918
4127,17142784042
3043,16939984717
5017,16551119480
3667,16471329834
2952,16424855969
724,16347864288
1992,16293172684
4155,16059551029
4112,16038532173
4501,15824730811
3479,15768277545
3231,15477340623
4747,15448120462
4135,15104024701
3702,15051604679
4081,14916085770
2240,14811828126
3214,14798484490
4775,14787733143
3751,14578246306
3250,14485852788
2718,14476153680
3150,14416732002
2457,14309625598
3469,14263461890
3609,14231189440
3888,14091099788
354,14038417231
3338,13969020045
3360,13655019142
1203,13647655046
1731,13519993817
473,13456933998
827,13389170540
3478,13384425687
4681,13318313029
1320,13189835679
4587,13086899187
1578,13065537492
359,13038747153
3967,12803991782
3234,12701101510
4072,12605410207
3519,12562289414
997,12561105459
2630,12541506600
2526,12450349985
2257,12392861078
4390,12339719596
5081,12261376520
28,12252292972
4500,12187127409
2704,12168794913
3736,12160213358
4463,12142770511
5071,12125713393
3254,12121163249
1685,12100957681
3733,11994782590
3362,11770341111
982,11743099328
4524,11641847506
2893,11625848783
4847,11605226555
4495,11536676262
3501,11457056970
2994,11384539806
4986,11352239819
4106,11318587507
3392,11196735075
4406,11083547903
4734,11029902717
4034,10973146558
1928,10941092858
725,10854228146
456,10775421214
2261,10720422967
4659,10714803857
2926,10689052170
5546,10573027034
1760,10542004711
4654,10511708207
3458,10506961709
4504,10479526144
3573,10341439785
5224,10335160159
366,10324370808
3288,10273213981
2368,10137954961
4253,10132954278
1016,10097029715
4589,10047685323
5422,10044343945
384,10039571524
2471,10010883882
4935,10009493254
3400,10008245323
4678,10000033939
4191,10000000000
5179,10000000000
3585,9894293233
4311,9795036859
1411,9788395280
2848,9745631095
3722,9665378771
3575,9596375556
2493,9385636779
4975,9306845910
2249,9282314415
4646,9279823337
2271,9245545780
1738,9190041383
2901,9027702401
4160,8888112162
4559,8763997515
4444,8704721724
4807,8647960709
2318,8595693051
2819,8569559676
1149,8555571479
3001,8490580319
137,8440084172
4314,8436208142
3785,8385793950
426,8383884321
3841,8373061445
2625,8348146735
5561,8301267185
4680,8285519736
3707,8258284913
4005,8226661493
944,8185315972
417,8109593401
3998,8014969842
4317,8001211638
3334,7831333431
5408,7684452545
3439,7681437809
3131,7592536802
3897,7374180017
4558,7349442396
5720,7325795736
769,7095727985
5112,7031993592
4692,6988876799
2614,6949835347
4702,6940859712
2558,6798480582
2868,6795182175
5176,6767688243
422,6755418452
2915,6734321082
3966,6648031406
5110,6627356696
4178,6609745067
902,6481489374
3386,6468680392
4439,6431550480
3661,6235559617
3590,6217711445
4068,6200401865
2710,6192921948
4067,6123408767
4497,6107393747
4236,6028805181
2217,6008222335
3677,5983817441
4272,5959554689
4380,5958880218
3159,5945300103
3245,5936432618
4269,5929756486
4480,5922701064
2197,5902168208
4749,5894129438
1335,5866027063
4487,5858016470
3041,5805804939
572,5758965419
414,5723044852
3142,5722481707
4816,5704475932
4766,5659990620
626,5647630894
1955,5608693141
2548,5595528527
4947,5585614991
4115,5584229204
5525,5497617782
4280,5471521380
3008,5399069147
222,5383280646
4995,5366817125
1255,5341736360
4420,5332096068
2531,5291577781
726,5251493870
2731,5221704218
2251,5154057150
419,5114922901
4794,5099412637
3394,5060719070
5475,5058883897
4789,5044360546
4279,5021439761
2146,5018662003
2464,5009060140
420,4988631386
2624,4940063775
4232,4933325115
4212,4907458502
5129,4903833662
4116,4767922558
2125,4529545107
1134,4515762065
3228,4464278858
3755,4285460124
2290,4226888175
1754,4184267530
4282,4098244613
4320,4047100614
2644,4044017483
3414,4041124928
934,4040553687
4133,4020221178
5,4000924534
4951,3986910437
4123,3959750772
4156,3952825583
3497,3949541197
5072,3904242782
615,3897407068
4472,3895289982
5004,3877791341
1647,3866076017
471,3807649110
1464,3795826138
4447,3742940847
514,3674806822
4638,3641991492
4124,3631173319
602,3623122723
474,3502420645
2357,3486198968
2691,3477267412
480,3466100711
2277,3461487526
4693,3453654830
946,3410523664
1753,3396396549
2842,3394550479
2575,3360713955
4936,3342884970
5210,3337795673
4918,3333144446
3963,3315346446
5554,3264940971
3219,3251280029
3965,3184517673
922,3172407254
4033,3139370678
3332,3111297391
1951,3100645989
4843,3099077060
3019,3093744999
4136,3047410026
4573,3042088386
5156,3031893987
3539,3009507338
737,3002432830
4181,2987126772
850,2920621038
5600,2889155833
2226,2869440505
4583,2860027701
4427,2851472859
225,2762079823
4616,2752688285
3374,2749135924
4656,2745858844
4303,2730832455
1058,2712901485
2258,2685388399
4855,2653379417
1183,2647043882
4515,2642662192
2523,2618187609
5041,2568212709
4091,2559137316
3373,2548489559
4125,2547232660
4126,2547037547
4066,2546842214
955,2541262196
4651,2537275597
2053,2532541028
4183,2527598125
4025,2519329919
3829,2517307792
4016,2492146501
5218,2458306059
4601,2457391082
5147,2399203983
4523,2369930365
3435,2342381143
1679,2342124049
4226,2256562616
2632,2250458034
5703,2247583805
4615,2231681098
4084,2196838386
3825,2184940889
3985,2173635727
1373,2173026454
3277,2153954331
5114,2134894798
2349,2132836767
457,2111730905
3341,2097621830
4733,2089804859
5073,2076095187
785,2073941606
924,2062719440
4163,2062083345
5265,2050682331
3920,2046640231
1952,2043866091
3857,2042714026
2613,2033733488
3165,2032319809
2037,2024705879
4581,2015436881
4195,2015433009
3964,2010436661
2721,2007224344
1665,2001934810
5101,2001800619
648,2000000000
1225,1982159910
4063,1981130855
879,1967312227
4533,1965321404
5067,1949433443
4247,1947820864
4062,1939452295
4984,1925422583
4911,1906516378
4090,1893354467
829,1889550820
3073,1882013744
4120,1881219839
3445,1852648928
4782,1845225224
5802,1836801001
2793,1831459395
3622,1827591660
4799,1823775303
2296,1822684341
5419,1816173639
4471,1814283886
1537,1808521302
3611,1803750610
4994,1802469468
3718,1766220128
5526,1750474335
4129,1739103467
3154,1729423021
2934,1701630901
513,1699652055
3147,1695158057
4044,1684330193
5122,1664588287
5194,1652303744
3889,1601210362
4434,1588049383
3175,1583294274
3241,1571455502
898,1568646268
4577,1560630006
3671,1544341958
1672,1518384299
678,1515562627
4284,1507821425
1667,1502600000
1673,1502600000
1670,1502600000
1668,1502600000
1671,1502600000
4971,1501200000
2811,1481575926
5461,1442483670
3055,1418226569
1201,1405326847
3767,1367097607
1193,1354324795
287,1347709184
4026,1340486162
3069,1338969238
3428,1316943811
296,1313172885
943,1300259544
4643,1299067907
525,1298516313
2236,1293493236
4332,1283457381
1579,1273621918
4770,1257550057
3986,1252591340
3078,1237309818
5075,1235158899
3206,1232444199
5536,1225859840
3548,1222471073
1635,1217236810
2661,1212621566
2742,1190761831
2738,1185663711
3904,1181120440
4374,1161633617
4290,1155789836
5733,1150922032
4848,1128922039
4973,1124481450
3769,1112619894
4976,1099835174
3954,1098889473
4234,1097230020
3768,1094210976
2936,1093094791
2461,1087822733
380,1087461798
2808,1085758658
3335,1075435349
3994,1065768788
3536,1053239172
1219,1047641190
1377,1047621962
2762,1047231164
747,1043463985
3882,1035664597
760,1034088522
685,1032235168
3363,1032212606
3440,1027214847
4271,1023129670
5618,1019310508
4092,1018842337
5668,1017621542
1145,1014271248
5666,1012763934
5681,1012716928
4215,1012075370
4177,1012040808
3797,1009421657
4859,1008700837
630,1008640310
4292,1008611006
4781,1008551601
4944,1008478954
5679,1007641822
2527,1007620730
5663,1007473503
5886,1005618486
185,1005175300
4924,1003924403
5206,1003828731
2970,1002621654
5739,1001942722
764,1001676644
3059,1001670616
4421,1001425841
4042,1000833986
4278,1000819149
2813,1000713424
1163,1000072755
2547,1000000000
836,999825743
884,998257168
1004,998000000
888,997620818
772,983781249
4171,970921601
4448,964601654
3831,959364415
4685,956930582
4763,956643522
947,942823411
841,939083298
3871,923691183
3657,918901314
610,918078146
4787,914153381
1934,910342644
5684,904187162
1846,903951793
2959,882614640
2424,872085077
3612,859736969
2872,827485882
3784,820025746
2972,816886634
4665,812165326
1426,809142273
4720,809126279
5042,784742885
2314,776657131
4574,776392959
2244,754221182
2621,748840324
3861,746153705
4623,744864328
4502,738215807
146,726170453
4197,720825229
3658,701407805
5509,700115800
989,698292896
5130,692036334
400,686214024
1634,680266470
4617,668446565
3510,645079510
1606,640942071
3061,626690294
5131,610793091
4339,608745062
2944,607393771
2066,598614966
3782,597625746
3209,596889206
3470,593799895
2892,583646133
2942,580755385
228,572915210
2040,561645229
3320,552424253
3355,552129257
1232,548606340
4528,547235432
4569,547234244
4609,547232616
4567,547231736
4530,547040627
4529,547040363
4531,547039571
4550,547039175
4556,547039043
4610,547038515
4611,547038383
4547,547038031
4612,547036403
4551,546842918
4554,546842742
4549,546842742
4553,546842742
4613,546841862
4555,546452340
3071,545559713
2885,544222702
3945,541945938
5884,539164545
3859,538425594
5167,537175907
2534,536842986
1056,532618310
4710,531659594
3694,531275577
3127,527625746
3580,525900803
1855,525372401
4546,522482633
788,516461389
3750,516425793
2794,515619014
1128,515476511
4162,513635621
3980,512621610
2486,512065971
3666,511697133
3729,509825743
805,509766415
2517,509235798
5113,509144844
4030,507929099
1281,507640398
560,507621786
4491,507617122
4270,507449373
3014,507449333
2894,507423329
4520,507419809
1941,507236356
5139,507203829
4019,507102535
4464,505230372
1927,505139921
2141,504683670
2480,503725382
5013,502624954
2825,502580210
1640,502365742
1143,502300231
507,501251536
2656,500665361
5284,500082559
4340,500066807
1185,500000000
2198,498625042
3700,497625746
1064,497625350
1013,497625262
3454,497625174
1869,497432393
1288,497420337
5423,497262140
4682,497196005
1116,496831786
3048,496719173
5121,496624778
5563,490305074
4379,489240394
3128,476652900
4205,476394111
951,466984959
4354,466084377
2441,464078945
4089,460377578
4564,458257808
2142,451088384
2873,444287597
2693,439853263
612,437621830
1098,429144410
3783,424685339
3346,420082031
4388,410801996
5080,409635357
2604,407405934
3359,406436573
3030,400944493
2209,397921363
2519,391087660
3816,385500629
5160,381264620
1124,376518669
4097,373760410
1742,366625702
4562,352503770
1922,350501298
1349,347620334
4039,342417653
2984,341624605
3638,340417081
2170,326466865
682,321624382
5281,318452824
2331,316322493
1761,313285815
3313,309271584
3087,308097517
5193,307620906
3285,306763214
2749,306685167
1048,300822669
5091,300093772
5763,297427861
4313,297094817
4190,294865770
2285,290423727
3493,287686372
3248,274557374
5059,268767205
4045,267119935
634,266665872
2768,257248304
3045,251000039
3715,250000000
3145,247210196
4219,245204781
4168,244646977
4993,243522025
2657,240722383
1321,239440694
2263,233445021
4769,233375391
4204,229386123
5002,229374109
3885,227959910
4774,223375931
2216,223194252
1996,220848661
2070,218055983
3082,212221584
3765,206890051
3265,205618530
1357,203250629
1896,202625746
5098,201600000
2215,201445511
5116,200000000
4035,199202645
3982,197625746
3845,197625306
5125,197624030
4246,197456153
658,197430721
4639,197299065
4744,197226280
4745,197226148
4746,197226148
3649,197125746
4366,195457961
4409,195445945
5878,193479135
4490,192083263
3432,188939307
4620,187256192
3641,183265277
2870,179886983
1242,177935758
680,177788132
5015,175399647
309,174968922
5517,171618094
3574,167368737
4552,167205043
4817,163755733
1930,163622402
3492,163039113
3613,162110596
4625,161673712
4934,161021654
1070,160730261
3124,160153384
2824,158530782
4729,157622050
1460,157598963
2881,150610962
2700,148796601
1887,148435878
1762,148091537
3922,146421921
3687,145826675
4188,144698748
826,144091743
210,139770802
3790,138742943
3950,137855053
4698,136644068
4585,135106409
5100,134426470
3004,133400000
4933,132502367
1244,132076876
4227,130893167
2196,130601408
4315,128805879
3012,127837672
3368,127046347
1280,126660459
728,125213186
3868,125177909
4931,122049031
3123,120363176
4050,119481717
3379,119036341
2366,117887410
3557,117618178
3618,116330953
813,115453029
4467,115314991
5256,115234552
1204,114848902
4194,114280001
3860,113068208
5103,110623414
881,110622006
2315,109063264
661,108761740
1448,107845589
1977,107224476
3774,106623722
2571,106284077
2282,106115657
2076,105860951
2799,105132223
4393,104493534
4919,103230899
840,103164846
4493,103072351
4836,103070019
4912,103000000
4907,103000000
4910,103000000
4914,103000000
3132,102616550
4358,102232264
2584,102228700
5799,101827958
3695,101376006
1683,101250210
2686,101227512
4505,101031739
1127,100838685
2412,100777362
3370,100609921
2092,100257520
2301,100000000
2410,100000000
1270,99442997
1545,99280884
5263,98624030
3562,98264824
1595,97624734
1559,97624556
3319,97623898
4831,97623458
264,97620466
200,97510309
1165,97236752
3817,96794849
1153,96634341
4723,96468110
1991,94912118
861,93505493
857,79065199
3126,77512682
4479,74344009
3081,70449031
3046,69720767
4169,67727818
3839,67456466
1860,66488296
5086,62561989
4396,61914723
3495,59603626
1534,59460400
5862,57621962
905,57548997
2780,57425793
491,55651486
4258,55456744
4083,55308833
4815,54422713
2225,54326509
293,53694740
2796,52037404
3015,51339332
3092,50425749
723,50365419
1326,49055495
1916,47821475
2551,47525743
1798,44454085
4410,44304481
1957,41645440
2436,39983004
4334,39624703
863,37987754
4996,36972179
2795,36920446
774,36313357
3057,36264908
4241,35245729
4796,33665394
4440,32036957
3107,30477971
4648,29159299
1456,27624822
1221,27617078
3563,27597982
2610,26102084
2295,25825259
825,25300000
4897,25098487
1310,24923870
153,24805635
4812,24404162
3591,23613933
2956,23353470
3173,22662247
2960,22639298
3146,22420601
4140,21088162
203,20603691
2745,20015900
656,19750078
2854,19736460
1389,19453176
4157,19452754
3033,18816176
358,18737033
4805,18621214
1136,18269664
1371,18054221
2708,17758678
2962,17639298
2963,17639298
2961,17639298
5077,17626846
3093,17619014
3083,17425265
2779,17115823
3489,14776577
2270,14656590
4327,12851369
183,12691233
1211,12621038
5292,12620906
2964,12440621
3530,12068846
742,11700000
2474,11633160
3788,11346026
1078,11286634
1810,11000000
1616,10984954
1282,10979820
2626,10843473
5617,10639218
2335,10332480
2545,10000000
4826,10000000
2237,10000000
2906,9975834
843,9825875
2833,9823411
3960,9823059
4225,9802291
3890,9630058
3828,9619058
4064,9618398
2117,9551618
4437,9490391
2353,9486132
1898,9471895
3987,9436265
3808,9248208
1285,8705929
512,8602239
5833,8528084
1841,8442161
3891,8247561
3166,7952568
4325,7900602
5854,7821299
4254,7624514
3775,7622358
5099,7621654
5891,7620774
1018,7620000
5047,7606254
4289,7510763
1330,7475689
2577,7426233
177,7401751
1316,7054091
5311,7026767
5855,6821299
3415,6738263
573,6638814
2967,6453117
421,6444552
2120,6399036
2121,6169669
4324,6135954
3929,6075094
1711,6001245
486,6000000
1354,5893313
2622,5885306
2337,5879394
4968,5624250
1017,5577986
2208,5398685
2800,5154646
1158,5119687
2413,5075783
1877,5000000
4565,4821258
969,4738366
4074,4618002
642,4613866
1875,4613646
1122,4593662
2537,4233056
1181,4000000
1769,3981480
1446,3678935
5531,3625350
3538,3622402
4147,3455860
5000,3251052
4999,3251052
3060,3092547
1235,3080875
3624,3070591
2790,3064739
3518,3000000
1384,3000000
4603,3000000
2078,2953199
1771,2925923
1772,2925923
578,2915210
3940,2887216
3113,2823411
2719,2742048
2110,2735858
3745,2729004
2284,2646822
1907,2639298
2564,2625614
1144,2623282
1758,2621434
2636,2618354
2123,2609445
4027,2562761
4604,2522256
1233,2486679
1308,2450653
2376,2443789
3912,2386319
4422,2267244
3517,2231905
3516,2229858
4668,2228964
5197,2105374
2074,2081122
613,2050621
3642,2029803
3496,2007228
291,1865490
1863,1854270
2205,1822883
3903,1801494
1918,1773860
1033,1688197
3420,1665757
2831,1664173
3634,1577976
1768,1481480
1770,1481480
4100,1434673
4099,1434673
4102,1434673
4101,1434673
4096,1434673
4103,1434673
4145,1430897
2288,1322858
4146,1258444
4023,1231208
221,1221941
1369,1132205
1678,1044631
1653,1000100
1654,1000100
1279,1000009
1040,1000000
3413,1000000
2508,1000000
1749,1000000
2557,1000000
2004,1000000
4392,1000000
1147,1000000
387,1000000
650,47069
735,13127
790,0
1563,0
1576,0
1648,0
1434,0
1418,0
4672,0
1407,0
1375,0
1730,0
1367,0
4635,0
4634,0
4633,0
1764,0
1332,0
1318,0
1303,0
4853,0
1293,0
1773,0
1774,0
1775,0
1776,0
1278,0
1273,0
1777,0
3160,0
1778,0
4915,0
1779,0
4917,0
1780,0
1781,0
1259,0
1782,0
4521,0
1254,0
1783,0
1784,0
1238,0
1785,0
1786,0
1787,0
1788,0
4473,0
1789,0
1790,0
1791,0
1792,0
325,0
1793,0
1794,0
1795,0
1809,0
1189,0
1182,0
1868,0
1167,0
1889,0
1897,0
1902,0
4371,0
1935,0
4326,0
1095,0
1964,0
2008,0
963,0
2093,0
2132,0
4203,0
2147,0
2166,0
2186,0
923,0
920,0
907,0
904,0
870,0
864,0
830,0
2329,0
2333,0
818,0
2364,0
817,0
349,0
2469,0
1554,0
3877,0
2491,0
755,0
3807,0
2554,0
2555,0
3770,0
693,0
3728,0
2641,0
392,0
3631,0
3593,0
5216,0
5217,0
2747,0
2748,0
3566,0
585,0
579,0
3551,0
554,0
529,0
527,0
2798,0
2805,0
508,0
2836,0
2865,0
3433,0
2895,0
3388,0
3383,0
3005,0
3321,0
440,0
3051,0
423,0
3080,0
3096,0
3097,0
3098,0
3104,0
412,0
404,0
1508,0
