epoch,time
0,2017-09-28 21:44:31
1,2017-10-03 21:44:31
2,2017-10-08 21:44:31
3,2017-10-13 21:44:31
4,2017-10-18 21:44:31
5,2017-10-23 21:44:31
6,2017-10-28 21:44:31
7,2017-11-02 21:44:31
8,2017-11-07 21:44:31
9,2017-11-12 21:44:31
10,2017-11-17 21:44:31
11,2017-11-22 21:44:31
12,2017-11-27 21:44:31
13,2017-12-02 21:44:31
14,2017-12-07 21:44:31
15,2017-12-12 21:44:31
16,2017-12-17 21:44:31
17,2017-12-22 21:44:31
18,2017-12-27 21:44:31
19,2018-01-01 21:44:31
20,2018-01-06 21:44:31
21,2018-01-11 21:44:31
22,2018-01-16 21:44:31
23,2018-01-21 21:44:31
24,2018-01-26 21:44:31
25,2018-01-31 21:44:31
26,2018-02-05 21:44:31
27,2018-02-10 21:44:31
28,2018-02-15 21:44:31
29,2018-02-20 21:44:31
30,2018-02-25 21:44:31
31,2018-03-02 21:44:31
32,2018-03-07 21:44:31
33,2018-03-12 21:44:31
34,2018-03-17 21:44:31
35,2018-03-22 21:44:31
36,2018-03-27 21:44:31
37,2018-04-01 21:44:31
38,2018-04-06 21:44:31
39,2018-04-11 21:44:31
40,2018-04-16 21:44:31
41,2018-04-21 21:44:31
42,2018-04-26 21:44:31
43,2018-05-01 21:44:31
44,2018-05-06 21:44:31
45,2018-05-11 21:44:31
46,2018-05-16 21:44:31
47,2018-05-21 21:44:31
48,2018-05-26 21:44:31
49,2018-05-31 21:44:31
50,2018-06-05 21:44:31
51,2018-06-10 21:44:31
52,2018-06-15 21:44:31
53,2018-06-20 21:44:31
54,2018-06-25 21:44:31
55,2018-06-30 21:44:31
56,2018-07-05 21:44:31
57,2018-07-10 21:44:31
58,2018-07-15 21:44:31
59,2018-07-20 21:44:31
60,2018-07-25 21:44:31
61,2018-07-30 21:44:31
62,2018-08-04 21:44:31
63,2018-08-09 21:44:31
64,2018-08-14 21:44:31
65,2018-08-19 21:44:31
66,2018-08-24 21:44:31
67,2018-08-29 21:44:31
68,2018-09-03 21:44:31
69,2018-09-08 21:44:31
70,2018-09-13 21:44:31
71,2018-09-18 21:44:31
72,2018-09-23 21:44:31
73,2018-09-28 21:44:31
74,2018-10-03 21:44:31
75,2018-10-08 21:44:31
76,2018-10-13 21:44:31
77,2018-10-18 21:44:31
78,2018-10-23 21:44:31
79,2018-10-28 21:44:31
80,2018-11-02 21:44:31
81,2018-11-07 21:44:31
82,2018-11-12 21:44:31
83,2018-11-17 21:44:31
84,2018-11-22 21:44:31
85,2018-11-27 21:44:31
86,2018-12-02 21:44:31
87,2018-12-07 21:44:31
88,2018-12-12 21:44:31
89,2018-12-17 21:44:31
90,2018-12-22 21:44:31
91,2018-12-27 21:44:31
92,2019-01-01 21:44:31
93,2019-01-06 21:44:31
94,2019-01-11 21:44:31
95,2019-01-16 21:44:31
96,2019-01-21 21:44:31
97,2019-01-26 21:44:31
98,2019-01-31 21:44:31
99,2019-02-05 21:44:31
100,2019-02-10 21:44:31
101,2019-02-15 21:44:31
102,2019-02-20 21:44:31
103,2019-02-25 21:44:31
104,2019-03-02 21:44:31
105,2019-03-07 21:44:31
106,2019-03-12 21:44:31
107,2019-03-17 21:44:31
108,2019-03-22 21:44:31
109,2019-03-27 21:44:31
110,2019-04-01 21:44:31
111,2019-04-06 21:44:31
112,2019-04-11 21:44:31
113,2019-04-16 21:44:31
114,2019-04-21 21:44:31
115,2019-04-26 21:44:31
116,2019-05-01 21:44:31
117,2019-05-06 21:44:31
118,2019-05-11 21:44:31
119,2019-05-16 21:44:31
120,2019-05-21 21:44:31
121,2019-05-26 21:44:31
122,2019-05-31 21:44:31
123,2019-06-05 21:44:31
124,2019-06-10 21:44:31
125,2019-06-15 21:44:31
126,2019-06-20 21:44:31
127,2019-06-25 21:44:31
128,2019-06-30 21:44:31
129,2019-07-05 21:44:31
130,2019-07-10 21:44:31
131,2019-07-15 21:44:31
132,2019-07-20 21:44:31
133,2019-07-25 21:44:31
134,2019-07-30 21:44:31
135,2019-08-04 21:44:31
136,2019-08-09 21:44:31
137,2019-08-14 21:44:31
138,2019-08-19 21:44:31
139,2019-08-24 21:44:31
140,2019-08-29 21:44:31
141,2019-09-03 21:44:31
142,2019-09-08 21:44:31
143,2019-09-13 21:44:31
144,2019-09-18 21:44:31
145,2019-09-23 21:44:31
146,2019-09-28 21:44:31
147,2019-10-03 21:44:31
148,2019-10-08 21:44:31
149,2019-10-13 21:44:31
150,2019-10-18 21:44:31
151,2019-10-23 21:44:31
152,2019-10-28 21:44:31
153,2019-11-02 21:44:31
154,2019-11-07 21:44:31
155,2019-11-12 21:44:31
156,2019-11-17 21:44:31
157,2019-11-22 21:44:31
158,2019-11-27 21:44:31
159,2019-12-02 21:44:31
160,2019-12-07 21:44:31
161,2019-12-12 21:44:31
162,2019-12-17 21:44:31
163,2019-12-22 21:44:31
164,2019-12-27 21:44:31
165,2020-01-01 21:44:31
166,2020-01-06 21:44:31
167,2020-01-11 21:44:31
168,2020-01-16 21:44:31
169,2020-01-21 21:44:31
170,2020-01-26 21:44:31
171,2020-01-31 21:44:31
172,2020-02-05 21:44:31
173,2020-02-10 21:44:31
174,2020-02-15 21:44:31
175,2020-02-20 21:44:31
176,2020-02-25 21:44:31
177,2020-03-01 21:44:31
178,2020-03-06 21:44:31
179,2020-03-11 21:44:31
180,2020-03-16 21:44:31
181,2020-03-21 21:44:31
182,2020-03-26 21:44:31
183,2020-03-31 21:44:31
184,2020-04-05 21:44:31
185,2020-04-10 21:44:31
186,2020-04-15 21:44:31
187,2020-04-20 21:44:31
188,2020-04-25 21:44:31
189,2020-04-30 21:44:31
190,2020-05-05 21:44:31
191,2020-05-10 21:44:31
192,2020-05-15 21:44:31
193,2020-05-20 21:44:31
194,2020-05-25 21:44:31
195,2020-05-30 21:44:31
196,2020-06-04 21:44:31
197,2020-06-09 21:44:31
198,2020-06-14 21:44:31
199,2020-06-19 21:44:31
200,2020-06-24 21:44:31
201,2020-06-29 21:44:31
202,2020-07-04 21:44:31
203,2020-07-09 21:44:31
204,2020-07-14 21:44:31
205,2020-07-19 21:44:31
206,2020-07-24 21:44:31
207,2020-07-29 21:44:31
208,2020-08-03 21:44:31
209,2020-08-08 21:44:31
210,2020-08-13 21:44:31
211,2020-08-18 21:44:28
212,2020-08-23 21:44:26
213,2020-08-28 21:44:25
214,2020-09-02 21:44:24
215,2020-09-07 21:44:23
216,2020-09-12 21:44:23
217,2020-09-17 21:44:22
218,2020-09-22 21:44:22
219,2020-09-27 21:44:20
220,2020-10-02 21:44:19
221,2020-10-07 21:44:22
222,2020-10-12 21:44:25
223,2020-10-17 21:44:16
224,2020-10-22 21:44:28
225,2020-10-27 21:44:46
226,2020-11-01 21:44:12
227,2020-11-06 21:44:14
228,2020-11-11 21:44:47
229,2020-11-16 21:44:07
230,2020-11-21 21:44:42
231,2020-11-26 21:44:03
232,2020-12-01 21:44:22
233,2020-12-06 21:44:38
234,2020-12-11 21:44:50
235,2020-12-16 21:43:48
236,2020-12-21 21:44:06
237,2020-12-26 21:44:33
238,2020-12-31 21:43:55
239,2021-01-05 21:44:23
240,2021-01-10 21:44:06
241,2021-01-15 21:44:48
242,2021-01-20 21:44:36
243,2021-01-25 21:44:50
244,2021-01-30 21:44:38
245,2021-02-04 21:43:27
246,2021-02-09 21:44:27
247,2021-02-14 21:44:03
248,2021-02-19 21:44:47
249,2021-02-24 21:44:33
250,2021-03-01 21:44:44
251,2021-03-06 21:44:46
252,2021-03-11 21:44:19
253,2021-03-16 21:44:49
254,2021-03-21 21:44:22
255,2021-03-26 21:44:36
256,2021-03-31 21:44:45
257,2021-04-05 21:44:46
258,2021-04-10 21:44:39
259,2021-04-15 21:44:37
260,2021-04-20 21:44:27
261,2021-04-25 21:44:45
262,2021-04-30 21:44:44
263,2021-05-05 21:44:49
264,2021-05-10 21:44:37
265,2021-05-15 21:44:40
266,2021-05-20 21:44:38
267,2021-05-25 21:44:45
268,2021-05-30 21:44:29
269,2021-06-04 21:44:32
270,2021-06-09 21:43:58
271,2021-06-14 21:44:19
272,2021-06-19 21:44:47
273,2021-06-24 21:44:49
274,2021-06-29 21:44:31
275,2021-07-04 21:44:46
276,2021-07-09 21:44:43
277,2021-07-14 21:44:48
278,2021-07-19 21:44:39
279,2021-07-24 21:44:41
280,2021-07-29 21:44:44
281,2021-08-03 21:44:42
282,2021-08-08 21:44:46
283,2021-08-13 21:44:15
284,2021-08-18 21:44:48
285,2021-08-23 21:44:42
286,2021-08-28 21:44:47
287,2021-09-02 21:44:45
288,2021-09-07 21:44:48
289,2021-09-12 21:44:47
290,2021-09-17 21:44:49
291,2021-09-22 21:44:36
292,2021-09-27 21:44:36
293,2021-10-02 21:44:37
294,2021-10-07 21:44:31
295,2021-10-12 21:44:44
296,2021-10-17 21:44:14
297,2021-10-22 21:44:43
298,2021-10-27 21:44:45
299,2021-11-01 21:44:45
300,2021-11-06 21:44:35
301,2021-11-11 21:44:15
302,2021-11-16 21:44:14
303,2021-11-21 21:44:23
304,2021-11-26 21:43:39
305,2021-12-01 21:44:40
306,2021-12-06 21:44:50
307,2021-12-11 21:43:57
308,2021-12-16 21:43:58
309,2021-12-21 21:44:45
310,2021-12-26 21:44:36
311,2021-12-31 21:44:46
312,2022-01-05 21:44:40
313,2022-01-10 21:44:33
314,2022-01-15 21:44:03
315,2022-01-20 21:44:38
316,2022-01-25 21:44:50
317,2022-01-30 21:44:31
318,2022-02-04 21:44:26
319,2022-02-09 21:44:03
320,2022-02-14 21:44:31
321,2022-02-19 21:44:23
322,2022-02-24 21:44:29
323,2022-03-01 21:44:42
324,2022-03-06 21:44:45
325,2022-03-11 21:44:47
326,2022-03-16 21:44:08
327,2022-03-21 21:44:10
328,2022-03-26 21:43:35
329,2022-03-31 21:44:35
330,2022-04-05 21:44:35
331,2022-04-10 21:44:42
332,2022-04-15 21:44:42
333,2022-04-20 21:44:48
334,2022-04-25 21:44:50
335,2022-04-30 21:44:36
336,2022-05-05 21:44:43
337,2022-05-10 21:44:32
338,2022-05-15 21:44:36
339,2022-05-20 21:43:05
340,2022-05-25 21:44:42
341,2022-05-30 21:44:47
342,2022-06-04 21:44:08
343,2022-06-09 21:44:47
344,2022-06-14 21:44:35
345,2022-06-19 21:44:39
346,2022-06-24 21:44:28
347,2022-06-29 21:44:42
348,2022-07-04 21:43:31
350,2022-07-14 21:43:19
349,2022-07-09 21:44:45
352,2022-07-24 21:44:11
351,2022-07-19 21:42:55
353,2022-07-29 21:44:03
355,2022-08-08 21:44:40
354,2022-08-03 21:44:08
356,2022-08-13 21:44:34
357,2022-08-18 21:44:40
361,2022-09-07 21:44:17
370,2022-10-22 21:43:10
358,2022-08-23 21:44:31
386,2023-01-10 21:44:16
426,2023-07-29 21:44:29
393,2023-02-14 21:44:42
363,2022-09-17 21:43:59
391,2023-01-30 22:00:35
367,2022-10-07 21:43:49
376,2022-11-21 21:44:07
379,2022-12-06 21:43:47
424,2023-07-19 21:44:39
403,2023-04-05 21:44:28
378,2022-12-01 21:42:36
401,2023-03-26 21:44:03
394,2023-02-19 21:44:32
383,2022-12-21 22:00:16
384,2022-12-31 21:43:57
385,2023-01-05 21:44:42
422,2023-07-09 21:44:46
400,2023-03-21 21:44:26
372,2022-11-01 21:44:17
366,2022-10-02 21:44:08
365,2022-09-27 21:44:27
359,2022-08-28 21:42:34
410,2023-05-10 21:43:54
395,2023-02-24 21:44:43
368,2022-10-12 21:44:14
364,2022-09-22 21:44:42
380,2022-12-11 21:44:32
423,2023-07-14 21:44:05
377,2022-11-26 21:44:27
407,2023-04-25 21:43:59
362,2022-09-12 21:44:46
375,2022-11-16 21:44:19
387,2023-01-10 22:00:31
374,2022-11-11 21:44:05
369,2022-10-17 21:44:25
371,2022-10-27 21:43:42
360,2022-09-02 21:43:32
382,2022-12-21 21:43:24
373,2022-11-06 21:44:20
428,2023-08-08 21:44:09
399,2023-03-16 21:44:33
388,2023-01-20 21:43:39
411,2023-05-15 21:44:34
390,2023-01-30 21:44:32
381,2022-12-16 21:44:03
416,2023-06-09 21:43:40
409,2023-05-05 21:44:08
392,2023-02-09 21:44:10
397,2023-03-06 21:44:06
396,2023-03-01 21:44:28
389,2023-01-25 21:44:33
405,2023-04-15 21:44:23
398,2023-03-11 21:44:00
420,2023-06-29 21:44:34
415,2023-06-04 21:44:48
406,2023-04-20 21:44:03
412,2023-05-20 21:43:20
402,2023-03-31 21:44:39
408,2023-04-30 21:43:46
404,2023-04-10 21:44:01
414,2023-05-30 21:44:35
413,2023-05-25 21:44:21
419,2023-06-24 21:44:30
417,2023-06-14 21:44:01
418,2023-06-19 21:43:55
421,2023-07-04 21:44:20
430,2023-08-13 21:59:20
425,2023-07-24 21:43:16
429,2023-08-13 21:44:26
427,2023-08-03 21:44:13
